title,score,id,url,comms_num,created,body,timestamp
When will these companies learn,2903,bzyt44,https://i.redd.it/ydtvykyxm0431.jpg,94,1560413371.0,,2019-06-13 04:09:31
A Helpful Reminder to Angry Lurkers,2638,9l3e7s,https://i.imgur.com/GWgWb09.jpg,110,1538617200.0,,2018-10-03 21:40:00
The Struggle â„¢,2561,bntx20,https://i.imgur.com/hEIVtEg.jpg,26,1557722608.0,,2019-05-13 00:43:28
Steal the Look: Rick Owens SS/18 DIRT,2132,73q6zf,https://i.redd.it/6uz06xrxvbpz.jpg,64,1506941009.0,,2017-10-02 06:43:29
Cognitive dissonance,2083,aq6xsy,https://i.redd.it/9qkg6zt6ccg21.jpg,55,1550095719.0,,2019-02-13 17:08:39
[INSPO] Seth Rogen goes full sleazecore as GQ's new cover star.,2000,brn9x0,https://i.redd.it/piohvjzztqz21.jpg,70,1558551286.0,,2019-05-22 14:54:46
No outfit is complete without these dope-ass socks,1998,7epmkm,https://i.imgur.com/rG69YcY.png,43,1511370553.0,,2017-11-22 12:09:13
Get his look,1941,cc8fdn,https://i.imgur.com/q1UEXDl.jpg,60,1562951047.0,,2019-07-12 13:04:07
Fixin' to get with your mom,1791,bd6ake,https://i.imgur.com/0te2MfI.jpg,76,1555297751.0,,2019-04-14 23:09:11
When You Find The One,1755,73ap9o,https://i.redd.it/ihsvb3a2buoz.jpg,25,1506747547.0,,2017-09-30 00:59:07
*D*A*N*K*,1735,b12nnp,https://i.redd.it/n57pg8pf64m21.jpg,45,1552611002.0,,2019-03-14 20:50:02
Hackfits,1730,bloska,https://i.redd.it/4ep01buthrw21.jpg,42,1557251753.0,,2019-05-07 13:55:53
"Hi, I'm the Male Fashion Bot. Please upvote this so I can have enough karma to start autoposting. Thanks.",1717,1970ae,http://i.imgur.com/j0b95LN.jpg,108,1361833885.0,,2013-02-25 18:11:25
HAPPY BIRTHDAY RICK OWENS,1702,7dvy5h,https://i.imgur.com/qjeRyU8.jpg,44,1511069835.0,,2017-11-19 00:37:15
What seems like every post in this subreddit,1646,5krfky,http://imgur.com/a/m1S27,82,1482975464.0,,2016-12-28 20:37:44
Was feeling a lil Vintage,1641,b941wj,https://imgur.com/6h4BThN,64,1554356038.0,,2019-04-04 01:33:58
Seriously guys I need help,1552,c3bf3o,http://imgur.com/a3NfWTQ,30,1561156955.0,,2019-06-21 18:42:35
Pastel jumper my mum knitted for me :),1539,a1mvur,https://i.redd.it/v0pap12axc121.jpg,66,1543564114.0,,2018-11-30 02:48:34
my first post on this sub :) hopefully not the last,1510,ahne35,https://i.redd.it/7wg5aih8neb21.jpg,92,1547943372.0,,2019-01-19 19:16:12
Iâ€™m a barber this is what I wear to work.,1497,bmfapv,https://i.redd.it/2n3hzgfl14x21.jpg,103,1557403683.0,,2019-05-09 08:08:03
you_irl,1495,8jmitc,https://i.redd.it/eqa2ygk8h1y01.jpg,36,1526427424.0,,2018-05-15 19:37:04
[WIWT] extra pockets,1484,c4z1yf,https://i.redd.it/od1r34vade631.jpg,77,1561451338.0,,2019-06-25 04:28:58
[WIWT] you like jazz?,1456,bjxemr,https://i.redd.it/4b25z792ytv21.jpg,79,1556845580.0,,2019-05-02 21:06:20
Living alone during finals/commencement week,1458,bphxe5,https://i.redd.it/ih792jqxxmy21.jpg,123,1558068469.0,,2019-05-17 00:47:49
Trying to rock this coat I thrifted.,1437,bs7521,https://i.redd.it/njdiijs4i0031.jpg,64,1558668368.0,,2019-05-23 23:26:08
Just Jumped Off The Plane,1429,atzfbq,https://i.redd.it/vv8j78k4jdi21.jpg,41,1550980856.0,,2019-02-23 23:00:56
I can be your grandpa or your coke dealer,1412,8flfi9,https://i.redd.it/vt8vmqqmrou01.jpg,70,1524965992.0,,2018-04-28 21:39:52
Thoughts on Jeff Goldblum's style. A few of my favorite outfits by him.,1408,b3nbfz,https://i.redd.it/84q56d175fn21.jpg,93,1553179590.0,,2019-03-21 10:46:30
Ffs whereâ€™s yandhi,1386,bhagkv,https://i.redd.it/qm76wjyrpfu21.jpg,61,1556237457.0,,2019-04-25 20:10:57
what it is hoe.. a-wassup,1371,a6gkii,https://i.imgur.com/eNqfmW7.jpg,97,1544920812.0,,2018-12-15 19:40:12
[WIWT] Eid Mubarak :),1365,bwo7s6,https://i.redd.it/dy6opdbb4c231.jpg,83,1559680693.0,,2019-06-04 16:38:13
[WIWT] Pink on Pink on Black on Pink,1347,bq4y7m,https://i.redd.it/6j3iqle7jzy21.jpg,124,1558220767.0,,2019-05-18 19:06:07
When a Woman Posts to /r/malefashion,1341,6wbiep,http://i.imgur.com/e1nyNHP.jpg,40,1503858458.0,,2017-08-27 14:27:38
Polished Philly Street Look,1335,anqbo1,https://i.redd.it/jx4ul62e1ye21.jpg,60,1549485720.0,,2019-02-06 15:42:00
truly inspirational,1333,72m34t,https://i.redd.it/rm2fyfxvl9oz.png,41,1506476977.0,,2017-09-26 21:49:37
My friends said I looked like a cigarette,1312,bct409,https://i.redd.it/2xcbsxe8k2s21.jpg,54,1555206498.0,,2019-04-13 21:48:18
[wiwt] a kinky yohji jacket,1303,cbvwfy,https://i.redd.it/co3xyyj7jo931.jpg,43,1562881922.0,,2019-07-11 17:52:02
Fifty shades of clichÃ©,1291,abv036,https://i.redd.it/mg38df5zf1821.jpg,43,1546476012.0,,2019-01-02 19:40:12
[wiwt] I heard girls can post here/Yohji fw18,1279,9d18d0,https://i.redd.it/iflxqctecbk11.jpg,70,1536135532.0,,2018-09-05 04:18:52
I Sat On Rick Owens,1270,9qq2ev,https://i.redd.it/pnre3pa6fyt11.jpg,94,1540337534.0,,2018-10-23 19:32:14
Once Upon a Time in Hollywood,1268,cmeaja,https://i.imgur.com/WxK4gwF.jpg,66,1565056145.0,,2019-08-05 21:49:05
Spring is in the Air,1259,busvq1,https://i.redd.it/myu3qxzwjc131.jpg,54,1559250092.0,,2019-05-30 17:01:32
Boots and bandannas,1247,c6erdw,https://i.redd.it/j4n2s200i0731.jpg,70,1561719255.0,,2019-06-28 06:54:15
40â€™s inspiration,1230,bx0375,https://i.redd.it/gzilx0s4wh231.jpg,77,1559750584.0,,2019-06-05 12:03:04
Don't talk to me or my son ever again,1230,amhe0r,https://i.redd.it/y4eoaduph7e21.jpg,63,1549164313.0,,2019-02-02 22:25:13
[WIWT] ankle tan season,1206,celtur,https://i.redd.it/00kxcgnarya31.jpg,58,1563441609.0,,2019-07-18 05:20:09
"WIWT: Haider Ackermann, Ann Demeulemeester",1194,bfcrl0,https://i.redd.it/ypdc3wu9jft21.jpg,38,1555799417.0,,2019-04-20 18:30:17
"Self made coat, Guidi",1182,br9uii,https://i.redd.it/yp3hh8sv5kz21.jpg,61,1558470745.0,,2019-05-21 16:32:25
Me (left) and some other dutch boys hanging out in Amsterdam,1170,7vecn6,https://i.redd.it/ck3et3m7yde01.jpg,72,1517861442.0,,2018-02-05 15:10:42
Before leaving the house,1169,80sbd9,https://i.imgur.com/wIgowgt.jpg,15,1519812294.0,,2018-02-28 05:04:54
very spooky,1140,bgkd7w,https://i.redd.it/lq0pfjc6c2u21.png,73,1556075496.0,,2019-04-23 23:11:36
I teleport behind you and say â€œnothing personal kidâ€ and I eat the spaghetti right out of ur pocket,1140,byfnn4,https://i.redd.it/pup4zfp6t8331.jpg,61,1560076480.0,,2019-06-09 06:34:40
[WIWT] New here. Loving the fits. | Hope this works.,1137,c344lt,https://i.redd.it/08u23u8a1m531.jpg,183,1561108288.0,,2019-06-21 05:11:28
This sub dynamic,1130,bkoy8k,https://i.imgur.com/M4OyOYn.jpg,24,1557027728.0,,2019-05-04 23:42:08
was told to submit here,1121,71rw4t,https://imgur.com/fRidPWj,78,1506124487.0,,2017-09-22 19:54:47
[wiwt] zombie slayer fit,1109,cjdgq4,https://i.redd.it/httbexczp9d31.png,65,1564446032.0,,2019-07-29 20:20:32
[WIWT] I'm baby ðŸ‘¶,1086,cfllun,https://i.imgur.com/wx8giuK.jpg,64,1563656797.0,,2019-07-20 17:06:37
[WIWT] Hypebeast mid-life crisis,1092,bz36p5,https://i.imgur.com/EBMRKNK.jpg,53,1560228912.0,,2019-06-11 00:55:12
WIWT - 70s Vibes,1073,btmwuv,https://i.imgur.com/C1R2llJ.jpg,41,1558997751.0,,2019-05-27 18:55:51
The Devil Is in the Details,1070,9vkoxs,https://i.redd.it/g8uq56ofbbx11.jpg,29,1541801212.0,,2018-11-09 17:06:52
All Smiles,1063,b2wt9c,https://i.redd.it/g5vizk4jk2n21.jpg,24,1553027359.0,,2019-03-19 16:29:19
Thrift/Thrift/Thrift/Thrift/Thrift/H&M,1062,82pwll,https://i.redd.it/cj1c2czkjdk01.jpg,51,1520471610.0,,2018-03-07 20:13:30
[WIWT] Iâ€™ll get a better location next time I swear,1062,c7dqy6,https://i.redd.it/0yo4ca4mwh731.jpg,95,1561929986.0,,2019-06-30 17:26:26
Left these pants in London :(,1061,cb3xxh,https://i.redd.it/2q6cmtx2cb931.jpg,51,1562722134.0,,2019-07-09 21:28:54
WIWT: prom Saturday actually,1043,679frg,https://i.reddituploads.com/6b1a034212bf4e04a3540acfc7c7b4ac?fit=max&h=1536&w=1536&s=2cb761226d700d217612efb84f7c83ff,81,1493073585.0,,2017-04-24 18:39:45
Tablecloths can be scarves,1028,ayvssh,https://i.imgur.com/OFILdYY.jpg,42,1552110528.0,,2019-03-09 00:48:48
WIWT Full Rick,1027,55u7en,http://i.imgur.com/BuAt8ym.jpg,215,1475625810.0,,2016-10-04 20:03:30
IsN'T ThiS MaLE FaShIOn,1022,9t9qh1,https://i.imgur.com/W4FTXku.png,43,1541110162.0,,2018-11-01 18:09:22
Walkin on sunshine,1005,b4rvf4,https://imgur.com/SkGtnQj.jpg,57,1553426453.0,,2019-03-24 07:20:53
*Watches A$AP Rockyâ€™s Fukk Sleep music video once*,1012,acs9az,https://i.redd.it/2fkqmb27bk821.jpg,153,1546704421.0,,2019-01-05 11:07:01
Neon ðŸ’›,1000,c9rtcq,https://i.redd.it/1rp32swgln831.jpg,37,1562434727.0,,2019-07-06 13:38:47
the return of the soyboy,1004,79oeeb,https://i.redd.it/i8i1tq92jzuz.jpg,58,1509405748.0,,2017-10-30 19:22:28
[WIWT] Stay Seated,997,bvd7o0,https://i.redd.it/qkd4t54a8m131.jpg,38,1559367248.0,,2019-06-01 01:34:08
Autumn tones,1002,by94hk,https://i.redd.it/d4nfrb91j5331.jpg,78,1560036752.0,,2019-06-08 19:32:32
It's zero outside in Kansas and all my jeans are ripped,988,aldyjb,https://i.redd.it/d13vhgha0ld21.jpg,61,1548892136.0,,2019-01-30 18:48:56
[WIWT] Long time lurker c:,994,ch7yno,https://i.redd.it/bmg5ip8j29c31.jpg,58,1564002437.0,,2019-07-24 17:07:17
Classic look captured in Seoul.,986,6tmfcz,https://i.redd.it/m3nsa54jhpfz.jpg,62,1502746442.0,,2017-08-14 17:34:02
Wrinkles and summer heat,985,cl5k2s,https://i.redd.it/0oebbrbxz1e31.jpg,35,1564788325.0,,2019-08-02 19:25:25
OG drip. Porco Rosso (1992),983,bbsh86,https://i.redd.it/u7r77k5klir21.jpg,23,1554964810.0,,2019-04-11 02:40:10
Tonight....,983,bzbqq4,https://i.imgur.com/9HknIgy.jpg,70,1560284256.0,,2019-06-11 16:17:36
Getting them Rick'd up at an early age,963,6gouzq,https://i.redd.it/t5i8e1l6y33z.jpg,27,1497255504.0,,2017-06-12 04:18:24
[wiwt] regal,951,cbny61,https://i.redd.it/nyuxcrtw5k931.jpg,76,1562829039.0,,2019-07-11 03:10:39
A preview for tomorrow,948,cmuuuy,https://i.redd.it/nyr75180nve31.jpg,79,1565147189.0,,2019-08-06 23:06:29
Post-Fashion Fit,951,bo4fb4,https://i.imgur.com/zlRxXZc.jpg,72,1557787798.0,,2019-05-13 18:49:58
[WIWT] Forest Techwear,940,azsxw1,https://i.redd.it/lk8yw118ihl21.jpg,25,1552336504.0,,2019-03-11 16:35:04
[wiwt] â€œwhy arenâ€™t you wearing redâ€ - every relative I met over lunar new year,941,anyky3,https://i.redd.it/13dbndurz1f21.jpg,61,1549533606.0,,2019-02-07 05:00:06
You know what comes between me and my calvins?,938,bg1jy9,https://i.imgur.com/zvRET6j.jpg,48,1555965077.0,,2019-04-22 16:31:17
Victorian collar,934,7b63a0,https://imgur.com/GjeohON,83,1510013302.0,,2017-11-06 19:08:22
Just aced an exam in this fit,935,cnlwyl,https://i.redd.it/qm6xi73la8f31.jpg,39,1565300408.0,,2019-08-08 17:40:08
At court,922,b4fbt2,https://i.redd.it/7tnb0s5fysn21.jpg,50,1553346808.0,,2019-03-23 09:13:28
> watches blade runner once,922,7aauaz,http://i.imgur.com/vstuJWN.jpg,37,1509650604.0,,2017-11-02 15:23:24
[WIWT] another variation on a theme,918,c4470n,https://i.imgur.com/s92jh9Q.jpg,76,1561323279.0,,2019-06-23 16:54:39
[wiwt] 5'9.5 time,917,avig6v,https://i.redd.it/teqnfu3ie6j21.jpg,70,1551330476.0,,2019-02-28 00:07:56
50 shades of navy,913,8lumsa,https://i.redd.it/xrthb7kxcuz01.jpg,31,1527212937.0,,2018-05-24 21:48:57
Thom Browne Cup,906,c3t8pa,https://i.redd.it/410gszxmdy531.jpg,22,1561257731.0,,2019-06-22 22:42:11
Summers is here. You can tell by the colors. ðŸŒ»,905,c0rlmn,https://i.redd.it/lp76a3ku4f431.png,37,1560589052.0,,2019-06-15 04:57:32
Loving baby blue lately,902,bxfdux,https://i.redd.it/tn6w64rhwp231.jpg,47,1559847576.0,,2019-06-06 14:59:36
[WIWT] I had a date today,900,bt1jda,https://i.redd.it/lnhw70497g031.jpg,85,1558858412.0,,2019-05-26 04:13:32
[WIWT] What I wore to work.,890,b2bt8l,https://i.imgur.com/4DxHtqk.jpg,99,1552895901.0,,2019-03-18 03:58:21
Living on the frontier,885,chouam,https://i.redd.it/le0zqi0vrgc31.jpg,34,1564095696.0,,2019-07-25 19:01:36
